"Designator","Comment","Footprint","JLCPCB Part #"
"C1","0.1uF","Capacitor_SMD:C_0603_1608Metric","C14663"
"C2","0.1uF","Capacitor_SMD:C_0603_1608Metric","C14663"
"R5","300","Resistor_SMD:R_0603_1608Metric","C23025"
"R6","10K","Resistor_SMD:R_0603_1608Metric","C25804"
"R7","10K","Resistor_SMD:R_0603_1608Metric","C25804"
"U1","LMC555xM","Package_SO:SOIC-8_3.9x4.9mm_P1.27mm","C90760"
"D2","1N5819WS","Diode_SMD:D_SOD-323","C191023"
"D3","1N5819WS","Diode_SMD:D_SOD-323","C191023"
"BT1","Battery_Cell","Battery:BatteryHolder_Keystone_3000_1x12mm","C238097"
"C3","4.7uF","Capacitor_SMD:CP_Elec_5x5.4","C336464"
"D1","LED","LED_SMD:LED_PLCC_2835","C7371920"
